<SOS>,1333
place,758
carrots,128
onion,493
garlic,691
salt,1020
and,7350
pepper,833
onto,156
a,2494
hot,240
pan,1543
of,1268
oil,1048
<SEP>,9004
pour,445
the,9451
egg,336
into,1071
mix,1060
add,4151
frozen,8
peas,51
pork,129
soy,225
sauce,871
to,2865
stir,605
rice,321
bowl,794
<EOS>,1333
boil,215
noodles,212
in,2116
pot,604
boiling,116
water,847
ground,124
put,429
salted,21
wonton,13
wrapper,49
wrap,71
it,830
wontons,16
another,49
soup,171
rinse,39
cool,13
green,278
onions,448
together,213
serve,177
heat,400
some,998
sugar,248
with,1178
wine,104
let,66
then,113
more,44
stock,135
thyme,48
vinegar,142
slice,291
goose,5
liver,19
season,159
remove,228
grapes,12
flour,455
cook,584
butter,407
toss,93
endives,1
dressing,54
endive,5
salad,111
on,1346
plate,174
beef,232
crumbs,75
an,184
cumin,110
dijon,17
mustard,89
form,55
meat,299
patties,32
drizzle,44
patty,46
burger,21
griddle,10
bun,23
lettuce,104
tomatos,32
pickles,6
top,431
udon,24
drain,136
chicken,557
broth,77
chopped,389
mushrooms,94
dissolve,14
miso,30
yeast,37
milk,194
knead,47
dough,286
dry,61
dogs,36
cut,531
up,171
cheddar,18
cheese,376
strips,55
dog,28
inside,21
baking,137
soda,31
mixture,451
pieces,306
roll,257
rope,2
around,21
sprinkle,129
coarse,2
bake,92
oven,217
until,182
golden,44
brown,124
brush,36
melted,41
pretzel,1
3,57
pounds,1
shredded,42
organic,4
red,186
potatoes,356
dried,33
parsley,170
turmeric,44
low,24
setting,2
stove,35
powder,405
spread,267
separate,21
small,160
portion,5
out,149
bread,342
flip,130
over,209
from,165
down,52
fresh,62
spinach,35
sesame,188
seeds,171
chlli,1
paste,200
blend,126
cilantro,84
leaves,192
puree,55
blender,71
fry,377
carrot,96
sprouts,53
tofu,89
cubes,50
vegetables,191
1,174
inch,20
tsp,98
2,124
lemon,175
zest,17
paprika,81
coriander,137
1/3,5
cup,106
olive,237
tomato,226
5,34
finely,86
cloves,62
whisk,151
combine,103
transfer,92
marinate,37
ziplock,1
bag,30
keep,53
leftover,4
massage,11
hands,18
off,102
lbs,6
summer,1
squash,9
8,4
ounces,4
cremini,1
all,111
them,312
well,194
they,21
are,34
coated,17
grill,107
medium,46
high,29
thread,3
marinated,24
10,25
12,6
inches,3
skewers,25
separately,2
close,18
turning,3
every,2
minutes,159
take,176
when,62
lightly,14
charred,4
allover,1
cover,220
loosely,2
foils,1
warm,35
continue,13
vegetable,58
tuna,55
scallions,29
sriracha,11
ball,35
sheet,83
seaweed,47
line,16
squeeze,57
directly,3
shape,57
circular,5
pizza,54
mozzarella,38
basil,78
soak,46
ribs,27
peel,95
apple,39
kiwi,3
crush,37
ingredients,176
food,100
processor,102
honey,38
marinade,38
short,5
both,37
sides,44
wash,49
urad,6
daal,6
kidney,16
beans,107
mixed,34
spice,31
little,132
for,244
hour,8
ginger,218
give,20
saute,74
also,11
chili,201
littl,1
bit,49
made,3
leave,5
simmer,54
cream,121
while,31
cooking,61
is,67
ready,22
shrimp,111
curry,61
chilies,33
precooked,3
packet,7
prepare,27
pair,2
buns,27
bottom,41
one,103
slices,207
crispy,16
bacon,172
scrambled,11
other,64
eggs,229
sour,22
by,44
hand,46
circles,8
filling,56
rub,10
fold,56
use,18
fork,13
crease,1
edges,41
drop,14
pierogis,10
garnish,82
melt,50
cinnamon,32
stick,26
bay,55
leaf,37
bell,63
tomatoes,155
spices,35
yogurt,39
cooked,167
lid,99
contents,18
cottage,1
chickpeas,59
juice,200
clove,13
piece,73
again,33
dip,74
chips,7
wheat,17
corn,96
starch,44
pinch,35
sticky,2
sausage,38
or,24
chopsticks,1
french,14
fries,7
batter,119
glue,1
deep,56
hotdog,7
crushed,41
meausuring,1
move,10
tray,46
yolk,18
worchester,2
chop,302
mixing,19
croutons,14
grated,61
parmesan,97
breast,50
peeled,12
potato,104
chunks,27
covered,8
15,17
mash,105
black,192
crack,57
side,92
toast,49
jalapeno,12
lime,54
mayo,18
smooth,20
trim,11
fat,32
skin,29
half,141
bone,3
pull,11
apart,3
tortillas,17
center,48
tortilla,32
ketchup,38
burrito,14
tuck,10
buritto,1
eggplant,3
olives,5
feta,6
dish,87
several,4
drops,3
roasted,26
turn,59
heavy,12
salmon,61
fish,124
body,3
flower,3
wasabi,12
tbsp,63
diced,63
huge,1
peppers,59
cherry,11
parsnip,4
celery,95
root,11
now,20
caraway,12
cups,25
serving,19
bulbs,1
oiled,1
punch,2
dusted,1
counter,1
balls,69
rest,19
spray,19
knife,11
plastic,29
pound,16
breadcrumbs,22
skillet,48
breaded,2
its,5
outer,4
cabbage,168
jar,35
press,61
firmly,7
open,25
jalapenos,3
mint,59
submerge,3
liquid,33
two,78
hours,18
wok,177
cauliflower,18
white,83
spring,77
chilli,31
bring,31
once,22
boils,9
fried,59
make,55
cuts,6
coat,148
base,17
garam,32
masala,66
fenugreek,4
saran,2
veal,14
sunflower,4
bubbles,15
schnitzel,6
wedge,3
taco,7
seasoning,72
sausages,37
herbs,40
that,11
rolls,28
back,17
surface,6
mayonannaise,1
pasta,154
caribbean,2
all-purpose,3
large,51
each,39
1/8,3
extra,9
virgin,7
lukewarm,1
grease,10
rise,2
1-2,2
after,20
doubled,1
size,18
dust,3
work,3
plain,7
circle,12
using,44
oval,4
moisten,3
naan,30
flame,26
moistened,2
upside,5
tear,15
baked,15
stone,3
appropriately,1
grate,69
rolled,6
dought,1
gently,19
further,10
as,15
appear,3
scramble,11
container,10
sea,26
till,22
becomes,6
light,10
color,5
jasmine,2
thai,6
kitchen,3
per,6
taste,17
gets,7
completely,8
flat,17
under,15
broiler,4
has,3
tahini,21
creamy,4
minced,92
cayenne,47
process,14
whole,22
can,18
thick,17
roughly,4
scrape,3
hummus,10
dice,31
leeks,8
korean,7
radish,43
pine,2
nuts,16
pickled,12
fluid,1
blended,18
cheesecloth,1
leek,3
radhish,1
flakes,63
apply,15
yolks,14
anchovies,7
togther,2
whisking,17
slowly,9
paper,84
towel,53
arrange,7
cucumbers,13
pita,23
sumac,11
scallion,6
kg,1
clams,29
vongole,1
cockles,1
palourdes,1
&,2
few,31
allow,4
clam,26
leaving,3
stocks,2
wings,36
deskin,1
pancetta,25
veggies,8
soft,19
minute,13
shells,16
find,1
if,10
300,2
ml,3
scalian,1
stickers,5
thin,77
done,5
shred,19
seal,45
thighs,1
lengthwise,9
dark,12
fillet,14
evenly,25
sushi,42
mat,16
mascarpone,4
avocado,45
across,2
clean,12
film,3
pressure,23
cooker,28
chana,10
mango,7
chole,1
mayonnaise,66
canned,8
peppercorn,7
spicy,14
bean,52
cornstarch,31
sweet,26
escargots,6
snails,16
bowls,4
crab,28
sticks,14
aromat,1
nori,34
bamboo,20
rolling,9
cucumber,71
italian,23
wet,17
finished,3
floured,1
halves,14
crust,13
sliced,56
turkey,13
pepperoni,19
balsamic,8
fine,9
worcester,7
mashed,67
pie,6
clarified,4
mince,22
excess,16
dissolving,1
strain,30
score,3
beaten,26
chunk,4
slicer,4
length,5
wise,3
vegetarian,1
ham,40
sandwich,63
japanese,4
macaroni,36
60,1
gr,2
non,3
150,2
spaghetti,28
de,4
cecco,1
9,1
break,30
whip,2
bolied,1
whipped,2
mortar,2
pestle,1
calamari,23
shake,9
cashews,9
dal,32
chilis,21
asafetida,2
boiled,53
cashew,8
dosa,33
middle,20
tumeric,13
chillies,10
ingredient,2
curd,5
sprigs,4
rosemary,20
mashing,3
heated,11
min,11
channa,2
tamarind,13
extract,2
garnished,1
surfacing,1
oregano,32
toppings,4
shell,16
set,28
aside,29
streamed,1
divide,8
portions,5
protion,1
cone,15
samosa,10
shapte,1
tops,2
smoke,5
syrup,16
smoked,11
cold,29
rod,2
frying,29
laksa,1
prawns,19
coconut,24
capsicum,10
seperate,2
prawn,4
covers,1
beet,2
pickle,6
toasted,9
lamb,40
leg,7
indian,1
gravy,27
along,24
spoon,30
beat,32
draw,1
lines,1
kelp,5
thirty,4
bonito,7
foam,4
through,9
sieve,4
quarter,14
daikon,18
lower,4
starts,4
still,1
ladle,2
steam,10
mussels,56
croque,1
monsieur,1
split,7
smaller,8
saltwater,1
poach,7
peanut,13
tightly,4
core,7
tough,2
smash,5
stems,7
stalk,4
pureed,3
cubed,8
potatos,86
beer,32
creme,11
fraiche,6
adding,18
meanwhile,2
containing,1
continuously,2
fridge,13
which,2
320deg,1
f,7
do,4
same,16
oregeno,7
meatballs,36
ghee,22
cardamoms,2
3-4,6
mutton,10
ginger-garlic,1
peppercorns,11
nut,1
remaining,12
everything,67
broccoli,28
bok,17
choy,15
flake,2
enoki,4
seed,14
crumb,11
waters,1
disc,1
mend,1
ciabatta,2
loaf,14
worcestershire,31
thoroughly,15
pluck,1
grilled,8
layers,5
oyster,22
steamed,13
preheat,30
skew,2
kabobs,5
double,2
salsa,7
meatloaf,10
parsnips,6
steakhouse,1
30,16
at,31
450,3
degree,10
whites,4
gas,2
get,16
layer,30
yellow,16
gruyere,7
previous,1
melts,3
sambar,1
coarsely,6
chutney,6
grind,33
walnuts,19
yougurt,1
taragon,1
cardamom,21
tea,7
pomegranate,7
methi,5
mushroom,28
lily,1
orange,11
three,10
four,13
disk,6
puffs,4
toaster,3
roti,17
sake,7
mirin,10
shrimps,8
squids,3
shoots,5
simmered,1
seafood,4
roast,13
40,2
4,30
25,2
big,13
dunk,3
generous,3
amount,2
cracked,3
whisked,5
constantly,2
consistency,4
scallians,9
next,6
herb,11
sachet,4
tie,3
cling,4
brandy,2
shallots,38
fill,32
lift,3
english,12
muffins,4
microwave,7
hollandaise,7
rings,79
cereal,2
pancake,23
bottles,1
lavender,1
apples,16
crumble,1
stalks,6
heating,4
nutmeg,15
push,11
too,8
squid,47
poured,2
traditional,1
grinder,3
fully,2
2/12,1
prepared,18
thinly,12
purpose,11
everthing,2
narrow,1
scissors,4
mold,4
strip,10
mixer,10
active,3
uncover,1
air,7
cake,7
sift,3
nonstick,6
pancakes,12
maple,7
hydrate,1
putting,1
walnut,5
parts,2
part,5
freshly,11
tarragon,5
quartered,2
seedless,1
textured,2
scoop,15
lay,30
five,4
ditalini,2
soaked,13
fruits,4
florets,1
jeera,1
rose,1
grass,12
pre,5
discard,3
broken,4
bad,1
mussel,4
fava,5
chilly,2
serrano,1
chiles,1
pat,15
chestnuts,3
beansprouts,2
hamburger,4
chives,27
custard,1
texture,2
bayleaf,3
stirring,19
occasionally,3
strainer,10
empty,3
refridgerate,5
seasoned,13
either,3
ends,4
burritos,7
ponzo,1
blowtorch,1
fatty,1
chunky,4
those,1
hash,13
browns,9
foie,54
gras,54
figs,4
rocket,1
newspaper,1
your,6
425,3
20,9
ingredents,1
falafels,3
wood,3
pounder,2
mason,4
pressing,1
poacher,2
sourdough,1
poached,8
grater,6
rectangular,1
sicilian,2
drained,8
1/2,10
favourite,1
falafel,21
gluten,1
free,1
pin,4
stuff,10
potstickers,11
lobes,1
generously,1
turns,16
pink,2
pea,3
shallot,8
loaves,2
remainder,1
pear,20
rib,4
chamber,1
sealer,1
refrigerate,9
quarters,5
pand],1
only,1
head,5
inner,1
organs,1
brine,5
gradually,4
kettle,1
ramekin,1
muffin,11
homemade,3
goulash,4
sparkling,1
squares,11
6,9
foil,10
unwrap,2
napa,2
cabbages,1
7,4
flatten,7
saffron,4
almonds,3
chinese,14
harusame,1
pastry,16
sofrito,1
ramen,9
deseed,1
2/3,1
garnishing,6
flavoring,1
good,5
about,28
sauting,1
skinless,2
boneless,4
bite,7
corns,5
pierogi,6
lentil,1
grinded,3
properly,5
between,10
tikka,1
palms,2
whistles,3
kasuri,2
chapatti,1
sink,1
kale,16
kangaroo,1
bangas,1
colcannon,1
pyrex,2
provolone,7
pulse,6
coloring,1
granulated,6
cider,8
blue,7
cube,9
thickens,3
scour,1
become,8
vegtables,1
combinw,1
chickpea,8
meatload,1
350,6
degrees,20
making,1
simultaneously,4
tender,8
new,8
pineapples,2
raisins,5
pimientos,1
relish,4
corinader,1
asian,7
lb,1
breaking,1
nice,1
sage,4
browned,9
corner,5
full,3
space,1
joint,1
wingtip,1
saucepan,11
cornflour,4
carron,1
fennel,10
asafoetida,4
shut,3
packs,1
shiitake,9
breasts,13
dill,7
bengal,1
aioli,2
chadders,1
stretch,7
pierogies,6
slow,9
pastel,1
stew,7
makhni,1
different,2
return,3
knob,2
2-3,4
hungarian,1
insert,10
skewer,13
meal,6
tall,3
glass,10
rinsed,4
wrung,1
ketchip,1
palm,2
outdoors,1
guanciale,3
without,6
washing,1
run,3
shaoxing,1
potsticker,2
sharp,3
kneed,4
sit,6
night,3
oreneno,1
romano,1
entire,3
caesar,1
saki,1
brussel,3
kosher,4
pounded,1
pesto,3
naturally,1
cranberries,1
firm,2
dashi,13
swordfish,3
had,1
any,6
blending,3
tabasco,2
buttermilk,17
cod,7
fryer,17
crockpot,5
drippings,2
belly,3
angle,5
straight,2
rock,2
safe,1
spill,1
aluminum,3
395,1
35-45,2
kimchi,5
seseame,2
oatmeal,3
turky,1
cornmeal,5
so,6
there,1
no,1
clumps,1
replacer,1
almond,6
galss,1
hotdogs,5
corndog,1
sheets,4
damp,1
cloth,8
vermicelli,8
towards,1
halfway,1
holes,2
brat,5
punctured,1
brats,10
sauerkraut,9
snap,2
sometime,2
it's,4
potato3s,1
strained,2
was,1
pack,3
broad,1
szechuan,3
sautee,5
broil,4
chorizo,5
pumpkin,3
ricotta,1
pick,3
stuffing,8
fenegreen,1
colored,1
shoulder,2
romaine,6
aoli,1
quinoa,18
fluff,1
greens,4
chile,3
seconds,7
pineapple,9
poke,5
behind,1
drummet,1
chedar,1
second,8
sandwiches,6
konbu,2
shavings,1
vodka,20
pepeper,1
beacon,1
twisting,1
end,3
toothpicks,1
smear,3
toothpick,4
translucent,6
casing,4
refrigerator,2
grape,2
grapeseed,2
crisp,2
later,4
cooks,2
capers,5
club,2
masher,7
salami,2
try,1
choys,1
laska,1
preheated,13
dump,7
round,7
wrappers,7
edge,10
fingers,7
marinara,7
reduce,7
bagel,3
piping,1
greek,4
duck,15
check,4
peanuts,26
hoisin,18
enclosing,2
finish,2
mixutre,1
390,1
splash,2
have,2
peal,2
lea,2
perrins,2
lemongrass,1
galangal,1
evaporated,1
lentils,9
asfoetida,1
2tbs,1
slightly,3
pepperica,2
corainder,1
simmering,6
makhani,1
wakame,6
box,2
ma,1
po,1
wire,8
rack,12
dollops,5
cakes,3
pudding,5
reduction,1
vanilla,5
watercress,3
caramelize,2
before,6
toasting,1
dissolves,1
touch,2
swiss,4
coals,1
samosas,7
twenty,3
apricot,1
jam,2
uncooked,2
liquids,1
fire,6
heads,1
bellies,1
ice,8
tempura,4
baby,10
cleaned,3
ina,1
flavor,3
proper,4
melon,3
baller,1
ume,1
plum,3
pinot,1
noir,1
verjus,1
soya,1
molasses,2
smeared,1
cherries,5
smoky,1
grilling,1
flipping,3
items,1
tentacles,1
lettuces,1
pop,2
anchovy,9
cutlet,3
hammer,1
chops,3
bubble,1
wait,6
comes,2
3tbs,1
regular,2
long,6
grain,5
stri,1
thicken,2
adjust,2
maintain,1
steady,1
rising,1
be,1
skimmed,1
way,3
gochugaru,1
radishes,2
wring,1
dumpling,2
combined,4
paneer,4
biryani,4
batch,1
seared,1
bot,1
enclose,1
kebabs,3
campshake,1
blossom,1
ounce,3
escargot,15
1tbsp,2
tbsps,5
savory,1
crme,2
500,2
8-10,3
cauliflowers,1
processer,1
cumbumber,1
condensed,1
tails,3
peaunut,1
bundle,1
celerely,1
parsely,2
scrub,2
bundles,1
processed,1
cannellini,2
six,2
closing,1
35,3
time,9
cooling,1
browning,1
raw,3
400,4
blanch,4
waldorf,2
bed,2
healthy,1
crashed,1
widely,1
star,3
anise,4
boullion,1
hp,1
marmite,1
horseradish,1
tubes,1
wrapping,1
equal,5
even,7
fifteen,1
potoes,1
start,2
bratwursts,7
pressed,1
lemonade,1
forms,2
chai,1
sim,1
wanton,2
spoons,5
burst,1
pockets,1
covering,7
sherry,4
unroll,1
sections,1
indentation,1
opal,2
desired,2
ika,1
tenkasu,1
shalots,1
snail,3
swirl,1
replace,2
barbecue,6
buttered,1
bbq,3
direct,2
chuck,2
fresno,1
scallops,3
premade,1
pinto,2
shortening,2
enchiladas,4
remebering,1
including,2
soyasauce,1
mins,10
abd,1
absorb,2
gaunciale,1
rye,1
reserve,1
sdd,1
addred,1
sear,4
baguette,5
dumplings,5
steamer,4
gochujang,3
couple,4
beatenn,1
breads,1
applied,1
bechamel,2
provence,2
ovens,1
chhola,1
desi,2
overnight,5
3/2,1
375,5
zucchini,21
presoaked,2
goshari,3
neck,1
bones,4
skim,2
baky,1
thirds,3
mozzerella,4
basal,5
clay,2
claypot,1
bibimbap,2
ring,5
charcoal,1
2nd,1
tier,1
burning,1
condiments,1
like,1
porrige,1
kim,2
chi,2
tight,7
prosciutto,7
braise,1
mincemeat,3
shave,2
rajma,1
gram,3
chapati,4
triangle,4
char,2
deseeded,1
paseo,1
ancho,1
anchos,1
ribpieces,1
topping,1
guacamole,4
quick,4
spatula,3
kaffir,4
beets,2
juniper,1
berries,3
weight,5
squirt,1
msg,1
steak,15
4-5,3
10-15,4
quickly,2
butted,1
dusting,1
tangerine-sized,1
creating,1
begin,1
carefully,2
tongs,3
doesn't,1
burn,2
truffle,2
lobster,6
fiddleheads,1
very,2
cajun,2
bratwurst,11
asperagus,1
washed,1
horse,1
mace,2
attach,1
machine,2
twist,1
individual,1
punica,1
eight,2
string,2
dices,2
zaatar,1
zip,1
lock,1
tablespoons,1
parmigiano-reggiano,1
beards,1
tips,2
dredge,2
canola,1
gherkins,1
cans,3
elbow,1
massaged,1
veggie,4
release,1
crockery,1
hold,3
ferment,3
days,3
closed,3
fourths,2
mallet,3
ponded,1
250,2
deg,1
jiuce,1
pad,3
tai,1
temper,1
citric,2
acid,3
grams,4
ajwine,1
100,3
batches,4
dived,1
hard,3
pulp,1
assemble,1
avocadoes,2
topped,5
cutting,6
square,3
diagonally,6
cognac,3
sprinkles,1
poultry,1
seasonings,2
saucen,1
corstarch,1
width,3
slivers,2
rods,1
crusher,1
away,1
peach,2
hazelnuts,2
liquor,1
glaze,2
peaches,2
foi,1
fizzy,1
measuring,1
store,1
bases,1
being,1
kung,3
pao,3
spots,1
panko,7
pre-heated,2
chat,2
seaweeed,1
disks,1
board,3
table,5
kalonji,1
foiled,1
hickory,1
crabmeat,1
soften,2
moist,1
caps,1
dissolved,2
texas,1
s=and,1
agave,3
pate,3
floss,1
formed,2
tomoatoes,1
packed,2
unfold,1
puff,2
appetizers,1
tenderloins,1
penne,6
haberno,1
joice,1
colors,1
cocoa,1
refried,3
first,2
sichuan,5
infused,1
aand,1
snow,4
masago,1
oranges,2
vigorously,1
greased,1
non-stick,2
secs,1
drying,1
arange,1
urudu,1
papaya,3
slaw,6
compote,1
marmalade,1
canadian,4
help,2
teaspoon,2
bulgur,5
gather,1
skirt,1
devein,1
roller,2
tobiko,1
sauces,3
vinega,1
dozens,1
rich,1
vein,1
cep,1
vinegary,1
3/4,1
mould,1
come,1
well-beaten,1
sizzle,1
gentle,1
himalayan,3
instant,2
moisture,2
noodle,6
bath,1
oils,1
siu,1
kombu,6
deisred,1
sashimi,2
handling,1
football,1
test,1
poppy,3
pecorino,4
fermented,1
aloo,1
bhaji,2
truffles,1
microgreens,1
steel,1
kebab,1
mild,1
monterey,2
jack,3
velveeta,1
nectar,1
types,1
shallow,5
strings,2
stringed,1
bugatti,1
vietnamese,1
margie,1
caramelized,2
fairly,1
lemones,1
slit,2
24,1
10-12,1
pepers,1
colves,1
turmac,1
almost,1
chillis,1
muenster,2
mzzarella,1
sauteed,1
half-half,3
left,2
right,1
bush,1
',1
tacos,2
mizuna,2
filet,1
teriyaki,2
tomoatoe,1
trasfer,1
times,1
package,1
hing,3
shepard's,1
cheesy,1
cumcmber,1
cilatnro,1
gloves,4
uniformly,1
mats,1
facing,1
thermos,1
repeatedly,1
paddle,1
imitation,1
beated,1
julienne,1
weed,2
grade,1
avacodo,1
avocados,3
mousse,1
softened,5
reaches,1
dollop,1
dishes,1
350-degree,1
c,1
15-18,1
itself,1
75g,2
100g,1
dipping,2
porridge,1
stack,3
freezing,1
naruto,1
maki,1
patches,1
chickens,1
cesar,1
jumbo,1
but,2
tail,3
underside,2
repeat,6
steps,3
cuttlefish,1
slits,2
indirect,1
sun-dried,1
polenta,4
sirloin,3
drag,1
oragne,1
kabab,1
dont,1
strong,1
365,1
teaspoons,2
fillets,3
towels,1
farmers,1
pirogies,1
filets,1
rip,1
cole,1
compound,2
tempeh,3
tamari,3
tempah,1
beed,1
oinion,1
groove,1
tool,1
measly,1
their,3
changes,1
wasabe,1
pale,1
ale,2
celeries,1
heatproof,1
tablespoon,3
wide,2
slotted,2
bologna,1
many,1
strawberries,1
adds,1
gms,2
160,1
kasoori,1
garram,2
special,2
50,2
275,1
180,1
mesh,3
mimolet,1
garbanzo,6
lemons,1
chick,8
ricer,2
chard,2
rotis,1
boxty,1
finagreek,1
bisto,1
proof,1
pipe,1
thing,1
chock,1
burdock,1
switch,2
lastly,3
procedure,3
thumb,1
cumumber,1
sphere,1
rid,1
nicely,3
sushis,1
diluted,1
not,2
long/,1
fahrenheit,1
fillings,2
warmed,1
tucking,1
rutabaga,5
smallest,1
shitaake,1
taking,1
tendons,1
against,3
mark,1
bouillon,1
angostura,1
bitters,2
bourbon,1
glasses,1
rind,3
poor,2
dilute,2
wake,1
diagonal,1
bum,1
wraps,2
breading,2
cameron,1
crutons,1
irish,2
rotate,2
stem,6
beard,1
distribute,1
250f,1
7-10,1
bits,2
nettle,1
brasil,1
scnitzel,1
pots,1
mangoes,1
goat,1
raspberry,1
fodd,1
schezwan,1
2tbsp,1
excluding,1
drum,1
sized,2
shiso,1
11/2,3
feet,1
21/2,1
coriander-cumin,1
fenegreek,1
seeweed,1
maida,2
sooji,1
stiff,2
clear,1
rough,1
macadamia,1
liter,1
escagot,1
spoonful,2
zucchinis,1
200,2
agitator,1
mizture,1
weedgrass,1
drips,1
oats,1
biriyani,1
70%,1
sausges,1
6-8,1
butternut,2
lean,1
marjoram,3
cheeses,1
leftout,1
tso,2
midway,1
tin,2
adobo,1
manchego,1
pico,1
gallo,1
unil,1
elastic,1
perogies,1
slurry,1
preserve,1
tank,1
hazelnut,1
frisee,3
candied,1
courgette,1
cracks,1
pure,1
battered,2
northern,1
gosari,2
pans,1
hashbrowns,1
chopper,1
possible,1
siracha,1
carots,1
accross,1
just,1
immersion,1
legs,2
5-6,2
keeping,1
margarine,1
sunnyside,1
sorted,2
brim,1
burgers,4
quantity,2
sprinkling,1
barbecues,1
tastemaker,1
shaped,1
given,2
patting,1
dicer,1
bucket,1
parmiggiano,1
reggiano,1
mdeium-high,1
vegan,2
tinned,1
blueberries,2
summac,1
crimp,1
sabut,1
rectangles,1
1/4,3
chilled,1
above,1
malted,1
instead,2
house,1
wolk,1
peaks,1
blueberry,1
scatter,1
handful,1
measure,1
bulgogi,2
parchment,4
iron,2
german,1
coal,1
indirectly,1
oilh,1
tree,1
fungus,1
schezuan,1
ssamjang,1
increase,1
bringing,1
springs,1
amoy,2
tahiti,1
raisin,1
pile,1
parchement,1
boiler,1
distilled,1
bunches,1
asparagus,1
grounded,1
loin,2
sprout,2
named,1
choi,1
reaching,1
suji,1
spiral,2
dig,1
channel,2
pepepers,1
ginas,1
save,2
coniagc,1
hondashi,1
old,1
keeps,1
crouton,1
amino,1
plates,1
jalepeno,1
wing,1
disjoint,1
uniform,1
wooden,1
rmove,1
kabocha,3
bite-size,1
shimeji,1
running,2
bind,1
this,2
meatball,1
lardons,1
brunoise,1
chowder,2
blood,1
risoni,1
dreidel,1
discarding,1
purple,1
bottle,3
tartar,1
wear,1
american,1
seperately,1
tbls,3
tps,1
room,3
temperature,3
ketch,1
barbeque,2
doubanjiang,1
inverted,1
height,1
horizontally,1
fiber,1
completly,1
kashmiri,1
settles,1
placce,1
45,1
potaoes,1
worcestshire,1
celeriac,3
tha,1
thigh,1
vertically,1
srircha,1
chicago,1
grills,1
softer,1
miren,1
torn,1
shaved,1
crock,6
immerse,2
month,1
nutritional,1
leaner,1
blocks,1
weeks,1
roe,2
kalongi,1
3-5,1
buffalo,2
tepung,2
terigu,1
maizena,1
secukupnya,1
bubu,1
bubuk,1
bawang,1
gelas,1
dingin,1
dagon,1
altogether,1
boy,1
chok,1
lids,2
section,1
tadka,1
soaking,1
sitr,1
buubles,1
freeze,1
kethup,1
5-6minutes,1
shirmps,1
muscle,1
zesty,1
musroom,1
fruit,1
dressed,1
taro,1
roots,1
ear,2
excessive,1
seven,1
yokes,1
saved,1
ten,2
thickness,1
sundried,1
la,1
shirataki,1
tap,1
baobab,1
gluten-free,1
reduced,2
protein,1
chaat,1
chipotle,1
rava,1
carve,1
whipping,1
cornichons,1
blot,1
oilive,1
dehydrator,1
slide,1
omelet,2
followed,1
od,1
garden,2
350ml,1
500gms,1
swede,1
machu,1
substitute,1
weave,1
half-and-half,1
ball-shaped,1
pears,1
corndogs,1
katsuobushi,1
harshly,1
5-7,1
celtic,1
minestrone,1
tissue,1
cauliflour,1
semolina,1
better,2
chia,1
jamaican,2
jerk,1
badia,1
complete,1
weigh,1
2%,1
you,1
essence,1
tighten,1
allowing,1
pearl,1
feed,1
snails',1
chiilis,1
starter,1
durum,1
corners,1
ginkgo,2
preserved,1
coleslaw,1
ajinomoto,1
earlier,1
bouillion,1
shack,1
mxiture,1
granules,1
basmati,1
6-7,1
partially,1
5-10,1
raita,1
rue,1
calvados,1
caramel,1
400-degree,1
needed,3
leavese,1
plums,1
apricots,1
burghul,1
perilla,1
gochu,1
chan,1
blues,1
blow,1
torch,1
concentrate,1
malt,1
shapes,1
cross,1
bulb,1
navy,1
caviar,1
sebeka,1
turnips,1
packages,1
iced,1
hem,1
ito,1
create,1
vortex,1
kalbi,1
carom,1
preparation,1
galbi,2
moo,6
teabag,2
gook,1
gnajang,1
