owl,477
gar,726
bow,1892
bowl,1416
car,714
lace,479
oil,889
pan,1382
ice,1274
pepper,1316
onion,1206
pea,288
soy,372
carrot,177
rice,183
salt,786
garlic,1122
soy sauce,181
sauce,515
egg,346
mix,798
ion,639
place,479
ling,157
ground,105
pot,842
round,129
wrap,164
green,230
soup,92
green onion,133
water,567
rapper,31
dive,3
hen,432
goose,2
ape,150
dress,39
dressing,78
plate,576
stock,224
flour,326
grape,11
salad,59
thyme,94
vinegar,135
butter,309
sugar,230
wine,92
butte,309
son,210
rape,14
endive,2
vine,136
tom,344
bee,145
beef,115
bur,33
grid,7
griddle,7
mat,658
pick,81
riddle,7
tie,40
top,960
patty,38
bun,33
mustard,252
lettuce,89
tomato,316
cumin,196
pickle,22
rum,90
must,84
star,441
hop,428
chicken,207
chick,249
room,92
broth,114
chicken broth,18
mushroom,352
miso,22
don,27
dog,27
brush,30
den,48
inkle,120
king,522
oar,11
oven,173
rink,121
roll,170
rope,11
strip,51
milk,552
pretzel,1
cheese,252
cheddar,15
dough,90
dry,58
kin,202
yeast,26
ani,17
organ,3
pound,21
set,28
stove,60
tin,33
toe,265
potato,201
parsley,292
turmeric,82
flip,250
rat,161
powder,260
separate,22
bread,189
spread,209
port,10
lip,125
cub,114
ant,78
blender,43
eaves,160
pin,249
table,370
puree,57
vegetable,178
sprout,51
spinach,23
sesame seed,54
down,44
seed,158
cube,57
squash,12
eft,6
ass,35
ewe,26
ratel,3
char,7
arm,117
bag,312
bin,100
coat,135
comb,198
combine,98
cup,180
foil,11
grill,72
hand,118
keep,47
light,50
lock,12
marina,79
skewer,25
urn,148
well,154
whisk,246
olive,776
lemon,468
medium,82
brown sugar,38
summer squash,2
oat,284
clove,288
coriander,218
sage,48
paprika,76
tomato paste,46
cove,190
lover,1
transfer,80
ash,191
nut,204
ball,228
lion,29
tuna,72
sheet,55
tun,24
call,36
weed,36
line,16
cul,5
basil,126
mozzarella,34
pizza,25
food,66
kiwi,4
eel,101
die,151
food processor,59
hone,37
rib,26
apple,74
ingredient,150
marinade,29
honey,37
processor,59
oak,60
kid,14
bit,102
cream,214
wash,44
saute,62
chili,390
bean,236
kidney bean,28
spice,59
ginger,573
chili powder,65
gin,201
shrimp,61
cur,56
pack,45
packet,7
curry powder,20
curry,52
curry sauce,2
rim,73
ram,66
bottom,37
rep,106
circle,54
filling,100
fold,55
fork,26
pier,26
garnish,89
sour cream,19
sour,23
tick,54
bay,162
bell,110
cot,4
lid,77
stick,216
tent,16
bell pepper,51
cinnamon,58
bay leaf,30
yogurt,36
cottage cheese,1
dip,222
chip,24
chickpea,111
juice,173
lemon juice,115
hip,11
bat,184
arch,60
wheat flour,7
hotdog,7
french fries,4
corn,378
wheat,30
batter,86
yolk,29
ray,50
chest,5
grate,208
mixing bowl,10
shed,97
tray,37
ring,274
crouton,12
wine vinegar,17
egg yolk,24
mesa,78
black,537
mash,118
black pepper,155
hunk,34
oast,76
rack,192
toast,43
grated cheese,11
pen,90
apar,3
lap,14
pull,11
ski,80
bone,10
skin,42
ice cream,1
jalapeno,14
lime,88
lime juice,26
tor,68
burr,13
center,92
ketch,36
tuck,11
burrito,13
plant,6
dish,273
eggplant,3
heavy cream,11
heavy,12
fish,86
salmon,28
body,3
wasabi,22
flower,20
celery,75
cherry tomato,9
parsnip,12
cherry,20
caraway,20
caraway seed,8
root,10
counter,3
knife,20
punch,4
bulb,2
plastic wrap,17
tomato sauce,38
cab,228
jar,17
press,280
cabbage,152
fir,21
mint,153
spring,51
white,79
wok,45
cauliflower,28
hill,38
egg white,12
base,26
fenugreek,8
bubble,30
wedge,9
schnitzel,5
sun,7
sunflower,4
black bean,7
taco,9
back,51
hat,13
herb,86
face,5
nan,2
pepper sauce,4
pasta,91
fur,10
lame,21
uke,1
plain flour,5
tea,177
pear,36
plain,7
double,3
gent,15
ear,47
kit,9
container,7
kitchen,3
mine,3
light brown,4
col,59
jasmine,2
broiler,4
can,37
mince,102
cayenne,92
hummus,6
tahini,18
rough,28
hole,25
cheesecloth,1
leek,8
radish,93
pine nut,2
pine,10
paper towel,41
towel,54
paper,134
red wine,21
range,16
pit,14
pita,14
cucumber,130
sumac,10
cock,2
clam,16
cockle,1
desk,1
shell,84
stocks,2
wing,13
seal,40
ark,14
carp,3
cross,4
film,9
avocado,66
mascarpone,3
sushi,23
oca,33
cooker,20
pressure cooker,13
mango,16
man,24
mayonnaise,62
snail,6
nail,6
sweet,19
crab,20
bamboo,18
turkey,11
key,22
cream cheese,10
rust,9
mashed potato,48
clarified butter,4
core,18
train,39
japan,4
slicer,6
sandwich,41
vegetarian,1
sand,41
whip,6
spaghetti,17
pest,8
mortar,4
pestle,2
hake,10
plastic bag,5
lama,7
safe,6
cashew,20
mustard seed,18
lemon oil,1
curd,10
rig,16
sprig,3
rose,38
rosemary,36
tamarin,11
tam,14
tamarind,22
facing,6
oregano,30
samosa,10
cone,9
moke,13
rod,3
syrup,16
prawn,10
cap,48
frying pan,18
coconut,46
coconut milk,26
beet,6
lamb,50
leg,8
gravy,32
spoon,68
beef broth,9
draw,1
poon,34
kelp,2
bonito,10
ladle,2
sieve,4
still,2
quarter,19
mussel,19
split,7
peanut,68
nut butter,7
peanut butter,7
hot pepper,7
reed,3
bed,18
beer,28
ridge,76
meatball,18
dam,44
cardamom,40
ghee,17
bok choy,20
broccoli,38
layer,28
shire,30
aba,7
grille,7
white wine,8
hire,30
scrambled eggs,5
oyster,21
red cabbage,4
bean sprout,34
kabob,4
salsa,5
house,4
snips,3
steakhouse,1
teak,9
yellow,16
white bread,3
sambar,1
bar,24
hut,8
chutney,5
rag,10
walnut,26
pomegranate,12
black tea,1
pome,6
orange,27
disk,5
toaster,3
aster,3
whole wheat flour,4
boiled egg,7
sake,6
squid,15
bamboo shoot,4
orange juice,4
dun,3
mount,2
tan,12
hall,117
sachet,1
cling film,1
bran,2
shallot,68
cling,4
brandy,2
crow,6
dais,7
microwave,6
muff,10
muffin,10
hollandaise,7
wave,12
rings,29
cereal,2
bottle,8
cake mix,1
lavender,1
rumble,1
nutmeg,30
whole milk,5
white pepper,19
adit,1
grinder,3
arrow,1
mold,12
scissors,4
mixer,21
active,3
map,7
maple syrup,7
maple,7
hydra,2
tarragon,10
scoop,15
dita,2
rose water,1
green pea,7
floret,1
fruit,3
grass,13
fava bean,4
chestnut,12
hamburger bun,1
hamburger,3
custard,1
chives,48
empty,3
strainer,9
trainer,9
blowtorch,1
torch,2
hose,1
hash,7
rocket,2
fig,2
foie gras,15
rock,16
newspaper,2
falafel,14
chili sauce,19
wood,4
mason,3
poacher,1
poached egg,7
onion butter,2
grater,4
lute,5
rolling pin,4
lobe,2
pink,4
five spice powder,1
ale,13
head,35
kettle,2
ramekin,2
home,3
lash,5
goulash,3
spar,4
square,12
almond,16
saffron,8
pastry,8
bite,7
chap,3
whistle,6
chapatti,1
lentil,15
roper,18
palm,4
kangaroo,1
cannon,4
kale,7
pulse,6
coloring,1
blue,27
celery stick,3
cider vinegar,7
hot sauce,28
cider,7
stock cube,7
garlic bread,2
load,1
tender,27
relish,4
raisin,5
pineapple,16
seasoned salt,2
spaghetti and meatballs,1
corner,12
joint,2
saucepan,9
fennel,32
fennel seed,4
foe,5
shiitake,6
spaghetti sauce,3
sugar water,4
dill,14
ben,1
gal,5
adder,2
aioli,1
stew,5
knob,4
celery seed,4
glass,18
meal,28
lass,11
door,3
fresh bean,1
outdoors,1
guan,2
fish slice,2
ox,8
harp,6
saki,1
kosher,4
pesto,3
swordfish,1
sword,1
cod,3
tabasco,2
buttermilk,14
fish and chips,1
rye,42
crock,5
belly,3
pill,1
seam,2
oatmeal,6
cornmeal,5
cell,18
ward,1
egg roll,1
sauerkraut,8
snap,2
road,1
broad bean,2
tee,7
pump,4
stuffing,7
pumpkin,4
onion salt,1
ricotta,1
green bean,15
shoulder,2
luff,1
greens,5
poke,5
hind,2
drum,4
vodka,18
beacon,1
tooth,6
toothpick,3
casing,2
refrigerator,2
sweet potato,7
rapeseed,1
cape,5
caper,10
masher,7
finger,5
marinara,7
bagel,1
pip,2
macaroni salad,1
duck,14
pancake batter,2
evaporated milk,1
galangal,1
box,9
wire,12
doll,5
arame,3
van,10
caramel,6
pudding,9
cress,4
watercress,4
vanilla,5
anil,5
jam,3
apricot,4
fire,6
baby,24
tempura,3
ice water,3
plum,8
melon,1
melon ball,1
molasses,2
pop,5
anchovy,9
anchovy paste,4
hammer,3
grain,12
dumpling,5
rya,4
biryani,4
camp,3
hot pot,8
savory,3
tail,3
bundle,1
soup bowl,1
blanc,3
mite,1
horse,4
marmite,1
pepper pot,2
celery salt,2
horseradish,2
anise,8
star anise,6
tub,1
tube,1
wrapping,1
lemonade,1
wanton,2
covering,6
pocket,1
sherry,3
sire,2
fish cake,1
garlic butter,2
barbecue,15
cue,5
barbecue sauce,3
green pepper,12
chuck,2
huck,2
scallop,4
pinto,2
pinto bean,2
enchilada,2
cheese sauce,3
fried rice,3
sorb,2
baguet,4
steamer,8
hame,2
ern,8
zucchini,34
bones,3
bib,2
bap,2
charcoal,2
condiment,1
oyster mushroom,1
mincemeat,1
brown sauce,1
triangle,12
mole,10
guacamole,4
spat,6
spatula,6
weight,5
juniper berries,1
quirt,1
doe,2
tongs,3
tangerine,2
lobster,4
ruff,2
truffle,6
black olive,2
asp,12
machine,4
mace,2
corn syrup,4
string cheese,2
tablespoon,3
bear,2
beard,2
dredge,2
gherkin,2
elbow,1
hold,3
release,1
rocker,2
mallet,9
pulp,1
cog,6
crusher,1
rusher,1
usher,1
peach,2
hazelnut,4
liquor,1
hazel,2
fizz,1
measuring cup,1
bean curd,1
spot,1
meat loaf,4
boa,3
boar,3
board,3
hickory,1
agave,3
floss,1
pate,3
moa,2
pet,1
appetizer,1
colors,1
cocoa,2
refried beans,3
round shape,2
fuse,1
snow pea,3
snow,3
brown rice,1
water chestnut,1
compote,1
marmalade,1
papaya,4
teaspoon,3
bulgur,2
gat,2
skirt,2
vein,4
roller,8
sweet cider,1
bath,1
ombu,4
football,2
foot,1
sash,2
shim,3
sashimi,2
poppy seed,3
poppy,3
sweet corn,3
salad cream,1
steel,1
carrot stick,1
jack,18
nectar,1
bug,1
bus,2
bush,2
cos,2
file,4
yak,2
teriyaki,2
package,2
glove,4
uniform,2
thermos,1
duck sauce,1
paddle,3
julienne,2
grade,1
mousse,3
sugar syrup,1
tack,3
porridge,1
rut,4
patch,1
step,3
cuttlefish,1
pole,2
pirogi,1
farmer,1
compound,2
tool,1
groove,1
heir,3
pale ale,1
roof,6
slot,2
bolo,1
special,2
ricer,2
chard,4
pipe,2
egg cream,1
mustard sauce,2
dock,1
switch,2
burdock,1
thumb,1
rutabaga,4
shit,1
takin,1
bouillon,1
bouillon cube,1
bitter,1
bitters,1
bourbon,1
garlic chive,4
net,4
nettle,1
fried egg,5
goat,1
rasp,1
berry,4
raspberry,2
goat cheese,1
maid,4
stiff,2
macadamia nut,2
macadamia,1
agitator,1
tern,1
butternut squash,2
butternut,2
marjoram,3
macaroni and cheese,2
tout,2
adobo,1
elastic,1
tank,2
anchovy sauce,1
sari,1
chicken soup,1
hopper,1
plum tomato,2
margarine,1
brim,1
anti,2
maker,1
buck,1
bucket,1
dicer,1
vegan,2
tangle,1
basil thyme,1
cat,1
red bat,1
measure,1
blueberry,2
malt,4
malted milk,1
iron,6
soda water,2
fungus,1
tree,2
pile,1
boiler,1
double boiler,1
asparagus,2
channel,1
wing tip,2
chow,2
chowder,1
purple,1
tempera,3
fiber,1
settle,1
celeriac,1
block,2
ice pack,1
white rice,1
buff,2
alto,1
sty,1
taro,3
yoke,3
light cream,1
tap,1
baobab,1
chipotle,1
pepperoni pizza,1
whipping cream,1
slide,1
omelet,1
garden,4
pea flour,1
substitute,1
half-and-half,1
nest,1
semolina,1
tomato juice,2
earl,2
garden snail,1
feed,1
starter,2
durum,1
ginkgo,1
coleslaw,1
hack,4
raita,1
rue,2
granulated sugar,1
concentrate,1
navy bean,1
sweet pepper,1
turnip,2
alb,2
ration,1
tea bag,2
gook,1
